year,area,area_name,racecomp,xtype,hp
2024,1,Alabama,Total,Share of struggling households who own a home,.60634989
2024,1,Alabama,Total,Share of self sufficent household households who own a home,.81436831
2024,1,Alabama,White,Share of struggling households who own a home,.70210081
2024,1,Alabama,White,Share of self sufficent household households who own a home,.86635715
2024,1,Alabama,Black,Share of struggling households who own a home,.45882466
2024,1,Alabama,Black,Share of self sufficent household households who own a home,.64628136
2024,1,Alabama,Hispanic,Share of struggling households who own a home,.5552581
2024,1,Alabama,Hispanic,Share of self sufficent household households who own a home,.70925838
2024,1,Alabama,Asian,Share of struggling households who own a home,.41265047
2024,1,Alabama,Asian,Share of self sufficent household households who own a home,.76961172
2024,1,Alabama,Other,Share of struggling households who own a home,.52514476
2024,1,Alabama,Other,Share of self sufficent household households who own a home,.80477691
2024,2,Alaska,Total,Share of struggling households who own a home,.58442968
2024,2,Alaska,Total,Share of self sufficent household households who own a home,.74887133
2024,2,Alaska,White,Share of struggling households who own a home,.64277613
2024,2,Alaska,White,Share of self sufficent household households who own a home,.77998817
2024,2,Alaska,Black,Share of struggling households who own a home,.10488606
2024,2,Alaska,Black,Share of self sufficent household households who own a home,.2697413
2024,2,Alaska,Hispanic,Share of struggling households who own a home,.34190622
2024,2,Alaska,Hispanic,Share of self sufficent household households who own a home,.69450361
2024,2,Alaska,Asian,Share of struggling households who own a home,.40741754
2024,2,Alaska,Asian,Share of self sufficent household households who own a home,.62752008
2024,2,Alaska,Other,Share of struggling households who own a home,.61247993
2024,2,Alaska,Other,Share of self sufficent household households who own a home,.70791453
2024,4,Arizona,Total,Share of struggling households who own a home,.62850058
2024,4,Arizona,Total,Share of self sufficent household households who own a home,.74191624
2024,4,Arizona,White,Share of struggling households who own a home,.69024289
2024,4,Arizona,White,Share of self sufficent household households who own a home,.78849828
2024,4,Arizona,Black,Share of struggling households who own a home,.34078223
2024,4,Arizona,Black,Share of self sufficent household households who own a home,.51869428
2024,4,Arizona,Hispanic,Share of struggling households who own a home,.57726389
2024,4,Arizona,Hispanic,Share of self sufficent household households who own a home,.65230638
2024,4,Arizona,Asian,Share of struggling households who own a home,.5721246
2024,4,Arizona,Asian,Share of self sufficent household households who own a home,.66239911
2024,4,Arizona,Other,Share of struggling households who own a home,.59899127
2024,4,Arizona,Other,Share of self sufficent household households who own a home,.6859718
2024,5,Arkansas,Total,Share of struggling households who own a home,.57090992
2024,5,Arkansas,Total,Share of self sufficent household households who own a home,.76890999
2024,5,Arkansas,White,Share of struggling households who own a home,.65664095
2024,5,Arkansas,White,Share of self sufficent household households who own a home,.8221488
2024,5,Arkansas,Black,Share of struggling households who own a home,.37081498
2024,5,Arkansas,Black,Share of self sufficent household households who own a home,.54132545
2024,5,Arkansas,Hispanic,Share of struggling households who own a home,.4965955
2024,5,Arkansas,Hispanic,Share of self sufficent household households who own a home,.66160375
2024,5,Arkansas,Asian,Share of struggling households who own a home,.45664302
2024,5,Arkansas,Asian,Share of self sufficent household households who own a home,.63673586
2024,5,Arkansas,Other,Share of struggling households who own a home,.40623394
2024,5,Arkansas,Other,Share of self sufficent household households who own a home,.68762147
2024,6,California,Total,Share of struggling households who own a home,.50560814
2024,6,California,Total,Share of self sufficent household households who own a home,.65938282
2024,6,California,White,Share of struggling households who own a home,.58088094
2024,6,California,White,Share of self sufficent household households who own a home,.70856845
2024,6,California,Black,Share of struggling households who own a home,.2766003
2024,6,California,Black,Share of self sufficent household households who own a home,.50694889
2024,6,California,Hispanic,Share of struggling households who own a home,.44797516
2024,6,California,Hispanic,Share of self sufficent household households who own a home,.58214718
2024,6,California,Asian,Share of struggling households who own a home,.59703636
2024,6,California,Asian,Share of self sufficent household households who own a home,.68469131
2024,6,California,Other,Share of struggling households who own a home,.44249994
2024,6,California,Other,Share of self sufficent household households who own a home,.5926916
2024,8,Colorado,Total,Share of struggling households who own a home,.56649047
2024,8,Colorado,Total,Share of self sufficent household households who own a home,.73590481
2024,8,Colorado,White,Share of struggling households who own a home,.62148899
2024,8,Colorado,White,Share of self sufficent household households who own a home,.75667024
2024,8,Colorado,Black,Share of struggling households who own a home,.33947182
2024,8,Colorado,Black,Share of self sufficent household households who own a home,.53982604
2024,8,Colorado,Hispanic,Share of struggling households who own a home,.4838562
2024,8,Colorado,Hispanic,Share of self sufficent household households who own a home,.67390734
2024,8,Colorado,Asian,Share of struggling households who own a home,.55413991
2024,8,Colorado,Asian,Share of self sufficent household households who own a home,.73378175
2024,8,Colorado,Other,Share of struggling households who own a home,.48370841
2024,8,Colorado,Other,Share of self sufficent household households who own a home,.70777988
2024,9,Connecticut,Total,Share of struggling households who own a home,.53922796
2024,9,Connecticut,Total,Share of self sufficent household households who own a home,.78229487
2024,9,Connecticut,White,Share of struggling households who own a home,.66969663
2024,9,Connecticut,White,Share of self sufficent household households who own a home,.82512987
2024,9,Connecticut,Black,Share of struggling households who own a home,.35619199
2024,9,Connecticut,Black,Share of self sufficent household households who own a home,.63305533
2024,9,Connecticut,Hispanic,Share of struggling households who own a home,.32218286
2024,9,Connecticut,Hispanic,Share of self sufficent household households who own a home,.64563578
2024,9,Connecticut,Asian,Share of struggling households who own a home,.53880686
2024,9,Connecticut,Asian,Share of self sufficent household households who own a home,.65245098
2024,9,Connecticut,Other,Share of struggling households who own a home,.44859397
2024,9,Connecticut,Other,Share of self sufficent household households who own a home,.70008725
2024,10,Delaware,Total,Share of struggling households who own a home,.66023636
2024,10,Delaware,Total,Share of self sufficent household households who own a home,.83264458
2024,10,Delaware,White,Share of struggling households who own a home,.76389003
2024,10,Delaware,White,Share of self sufficent household households who own a home,.8690666
2024,10,Delaware,Black,Share of struggling households who own a home,.45271784
2024,10,Delaware,Black,Share of self sufficent household households who own a home,.73648751
2024,10,Delaware,Hispanic,Share of struggling households who own a home,.58021849
2024,10,Delaware,Hispanic,Share of self sufficent household households who own a home,.67919159
2024,10,Delaware,Asian,Share of struggling households who own a home,.67269963
2024,10,Delaware,Asian,Share of self sufficent household households who own a home,.83057648
2024,10,Delaware,Other,Share of struggling households who own a home,.6330567
2024,10,Delaware,Other,Share of self sufficent household households who own a home,.73281717
2024,11,District of Columbia,Total,Share of struggling households who own a home,.25499657
2024,11,District of Columbia,Total,Share of self sufficent household households who own a home,.51177496
2024,11,District of Columbia,White,Share of struggling households who own a home,.38795432
2024,11,District of Columbia,White,Share of self sufficent household households who own a home,.51514298
2024,11,District of Columbia,Black,Share of struggling households who own a home,.22700959
2024,11,District of Columbia,Black,Share of self sufficent household households who own a home,.56235266
2024,11,District of Columbia,Hispanic,Share of struggling households who own a home,.25735617
2024,11,District of Columbia,Hispanic,Share of self sufficent household households who own a home,.4842701
2024,11,District of Columbia,Asian,Share of struggling households who own a home,.082371354
2024,11,District of Columbia,Asian,Share of self sufficent household households who own a home,.43023512
2024,11,District of Columbia,Other,Share of struggling households who own a home,.18530859
2024,11,District of Columbia,Other,Share of self sufficent household households who own a home,.40186915
2024,12,Florida,Total,Share of struggling households who own a home,.59810942
2024,12,Florida,Total,Share of self sufficent household households who own a home,.77930778
2024,12,Florida,White,Share of struggling households who own a home,.70770305
2024,12,Florida,White,Share of self sufficent household households who own a home,.82629132
2024,12,Florida,Black,Share of struggling households who own a home,.44155902
2024,12,Florida,Black,Share of self sufficent household households who own a home,.65688509
2024,12,Florida,Hispanic,Share of struggling households who own a home,.49987364
2024,12,Florida,Hispanic,Share of self sufficent household households who own a home,.69326794
2024,12,Florida,Asian,Share of struggling households who own a home,.71323788
2024,12,Florida,Asian,Share of self sufficent household households who own a home,.78166151
2024,12,Florida,Other,Share of struggling households who own a home,.52600402
2024,12,Florida,Other,Share of self sufficent household households who own a home,.7275942
2024,13,Georgia,Total,Share of struggling households who own a home,.58057666
2024,13,Georgia,Total,Share of self sufficent household households who own a home,.76416683
2024,13,Georgia,White,Share of struggling households who own a home,.70029849
2024,13,Georgia,White,Share of self sufficent household households who own a home,.83214206
2024,13,Georgia,Black,Share of struggling households who own a home,.43789655
2024,13,Georgia,Black,Share of self sufficent household households who own a home,.64130938
2024,13,Georgia,Hispanic,Share of struggling households who own a home,.50206304
2024,13,Georgia,Hispanic,Share of self sufficent household households who own a home,.65958565
2024,13,Georgia,Asian,Share of struggling households who own a home,.69923878
2024,13,Georgia,Asian,Share of self sufficent household households who own a home,.78102601
2024,13,Georgia,Other,Share of struggling households who own a home,.56941056
2024,13,Georgia,Other,Share of self sufficent household households who own a home,.69962579
2024,15,Hawaii,Total,Share of struggling households who own a home,.60085791
2024,15,Hawaii,Total,Share of self sufficent household households who own a home,.72871828
2024,15,Hawaii,White,Share of struggling households who own a home,.5392341
2024,15,Hawaii,White,Share of self sufficent household households who own a home,.67205411
2024,15,Hawaii,Black,Share of struggling households who own a home,.17428468
2024,15,Hawaii,Black,Share of self sufficent household households who own a home,.40011856
2024,15,Hawaii,Hispanic,Share of struggling households who own a home,.40722024
2024,15,Hawaii,Hispanic,Share of self sufficent household households who own a home,.61740059
2024,15,Hawaii,Asian,Share of struggling households who own a home,.72520149
2024,15,Hawaii,Asian,Share of self sufficent household households who own a home,.80224854
2024,15,Hawaii,Other,Share of struggling households who own a home,.55095327
2024,15,Hawaii,Other,Share of self sufficent household households who own a home,.72984892
2024,16,Idaho,Total,Share of struggling households who own a home,.63444632
2024,16,Idaho,Total,Share of self sufficent household households who own a home,.79579341
2024,16,Idaho,White,Share of struggling households who own a home,.65248525
2024,16,Idaho,White,Share of self sufficent household households who own a home,.81893283
2024,16,Idaho,Black,Share of struggling households who own a home,.49458614
2024,16,Idaho,Black,Share of self sufficent household households who own a home,.29597497
2024,16,Idaho,Hispanic,Share of struggling households who own a home,.55708486
2024,16,Idaho,Hispanic,Share of self sufficent household households who own a home,.65961719
2024,16,Idaho,Asian,Share of struggling households who own a home,.63259238
2024,16,Idaho,Asian,Share of self sufficent household households who own a home,.64639831
2024,16,Idaho,Other,Share of struggling households who own a home,.55104345
2024,16,Idaho,Other,Share of self sufficent household households who own a home,.72079074
2024,17,Illinois,Total,Share of struggling households who own a home,.58791476
2024,17,Illinois,Total,Share of self sufficent household households who own a home,.77362472
2024,17,Illinois,White,Share of struggling households who own a home,.6733824
2024,17,Illinois,White,Share of self sufficent household households who own a home,.81760997
2024,17,Illinois,Black,Share of struggling households who own a home,.32456848
2024,17,Illinois,Black,Share of self sufficent household households who own a home,.60412872
2024,17,Illinois,Hispanic,Share of struggling households who own a home,.59559911
2024,17,Illinois,Hispanic,Share of self sufficent household households who own a home,.69027114
2024,17,Illinois,Asian,Share of struggling households who own a home,.62007004
2024,17,Illinois,Asian,Share of self sufficent household households who own a home,.70520055
2024,17,Illinois,Other,Share of struggling households who own a home,.48259312
2024,17,Illinois,Other,Share of self sufficent household households who own a home,.69700319
2024,18,Indiana,Total,Share of struggling households who own a home,.61082584
2024,18,Indiana,Total,Share of self sufficent household households who own a home,.80591816
2024,18,Indiana,White,Share of struggling households who own a home,.67099005
2024,18,Indiana,White,Share of self sufficent household households who own a home,.841824
2024,18,Indiana,Black,Share of struggling households who own a home,.32445285
2024,18,Indiana,Black,Share of self sufficent household households who own a home,.54804772
2024,18,Indiana,Hispanic,Share of struggling households who own a home,.56506217
2024,18,Indiana,Hispanic,Share of self sufficent household households who own a home,.70126706
2024,18,Indiana,Asian,Share of struggling households who own a home,.58134639
2024,18,Indiana,Asian,Share of self sufficent household households who own a home,.61883742
2024,18,Indiana,Other,Share of struggling households who own a home,.43691012
2024,18,Indiana,Other,Share of self sufficent household households who own a home,.70434529
2024,19,Iowa,Total,Share of struggling households who own a home,.58438367
2024,19,Iowa,Total,Share of self sufficent household households who own a home,.80775899
2024,19,Iowa,White,Share of struggling households who own a home,.63003427
2024,19,Iowa,White,Share of self sufficent household households who own a home,.8246702
2024,19,Iowa,Black,Share of struggling households who own a home,.1811462
2024,19,Iowa,Black,Share of self sufficent household households who own a home,.5650177
2024,19,Iowa,Hispanic,Share of struggling households who own a home,.50770205
2024,19,Iowa,Hispanic,Share of self sufficent household households who own a home,.69182771
2024,19,Iowa,Asian,Share of struggling households who own a home,.45105702
2024,19,Iowa,Asian,Share of self sufficent household households who own a home,.54671884
2024,19,Iowa,Other,Share of struggling households who own a home,.43706515
2024,19,Iowa,Other,Share of self sufficent household households who own a home,.78368849
2024,20,Kansas,Total,Share of struggling households who own a home,.57222503
2024,20,Kansas,Total,Share of self sufficent household households who own a home,.76588565
2024,20,Kansas,White,Share of struggling households who own a home,.61397636
2024,20,Kansas,White,Share of self sufficent household households who own a home,.7897383
2024,20,Kansas,Black,Share of struggling households who own a home,.29408371
2024,20,Kansas,Black,Share of self sufficent household households who own a home,.59022999
2024,20,Kansas,Hispanic,Share of struggling households who own a home,.55321705
2024,20,Kansas,Hispanic,Share of self sufficent household households who own a home,.67527294
2024,20,Kansas,Asian,Share of struggling households who own a home,.53280598
2024,20,Kansas,Asian,Share of self sufficent household households who own a home,.66838509
2024,20,Kansas,Other,Share of struggling households who own a home,.48651561
2024,20,Kansas,Other,Share of self sufficent household households who own a home,.6813696
2024,21,Kentucky,Total,Share of struggling households who own a home,.58463663
2024,21,Kentucky,Total,Share of self sufficent household households who own a home,.79720938
2024,21,Kentucky,White,Share of struggling households who own a home,.63504988
2024,21,Kentucky,White,Share of self sufficent household households who own a home,.81771356
2024,21,Kentucky,Black,Share of struggling households who own a home,.31267369
2024,21,Kentucky,Black,Share of self sufficent household households who own a home,.5952062
2024,21,Kentucky,Hispanic,Share of struggling households who own a home,.38415524
2024,21,Kentucky,Hispanic,Share of self sufficent household households who own a home,.70204425
2024,21,Kentucky,Asian,Share of struggling households who own a home,.56760162
2024,21,Kentucky,Asian,Share of self sufficent household households who own a home,.63658065
2024,21,Kentucky,Other,Share of struggling households who own a home,.4422496
2024,21,Kentucky,Other,Share of self sufficent household households who own a home,.70983106
2024,22,Louisiana,Total,Share of struggling households who own a home,.57515329
2024,22,Louisiana,Total,Share of self sufficent household households who own a home,.80561262
2024,22,Louisiana,White,Share of struggling households who own a home,.70061439
2024,22,Louisiana,White,Share of self sufficent household households who own a home,.855892
2024,22,Louisiana,Black,Share of struggling households who own a home,.43826416
2024,22,Louisiana,Black,Share of self sufficent household households who own a home,.68843943
2024,22,Louisiana,Hispanic,Share of struggling households who own a home,.44573566
2024,22,Louisiana,Hispanic,Share of self sufficent household households who own a home,.69416368
2024,22,Louisiana,Asian,Share of struggling households who own a home,.69036329
2024,22,Louisiana,Asian,Share of self sufficent household households who own a home,.78417158
2024,22,Louisiana,Other,Share of struggling households who own a home,.57083338
2024,22,Louisiana,Other,Share of self sufficent household households who own a home,.70531279
2024,23,Maine,Total,Share of struggling households who own a home,.64469725
2024,23,Maine,Total,Share of self sufficent household households who own a home,.82564175
2024,23,Maine,White,Share of struggling households who own a home,.65908545
2024,23,Maine,White,Share of self sufficent household households who own a home,.83735257
2024,23,Maine,Black,Share of struggling households who own a home,.15949821
2024,23,Maine,Black,Share of self sufficent household households who own a home,.49935168
2024,23,Maine,Hispanic,Share of struggling households who own a home,.41155279
2024,23,Maine,Hispanic,Share of self sufficent household households who own a home,.60959095
2024,23,Maine,Asian,Share of struggling households who own a home,.57336515
2024,23,Maine,Asian,Share of self sufficent household households who own a home,.81714916
2024,23,Maine,Other,Share of struggling households who own a home,.65766013
2024,23,Maine,Other,Share of self sufficent household households who own a home,.6953426
2024,24,Maryland,Total,Share of struggling households who own a home,.57821935
2024,24,Maryland,Total,Share of self sufficent household households who own a home,.78137577
2024,24,Maryland,White,Share of struggling households who own a home,.7122128
2024,24,Maryland,White,Share of self sufficent household households who own a home,.83236694
2024,24,Maryland,Black,Share of struggling households who own a home,.42950967
2024,24,Maryland,Black,Share of self sufficent household households who own a home,.69691557
2024,24,Maryland,Hispanic,Share of struggling households who own a home,.51213366
2024,24,Maryland,Hispanic,Share of self sufficent household households who own a home,.69276834
2024,24,Maryland,Asian,Share of struggling households who own a home,.66959739
2024,24,Maryland,Asian,Share of self sufficent household households who own a home,.79218346
2024,24,Maryland,Other,Share of struggling households who own a home,.53532362
2024,24,Maryland,Other,Share of self sufficent household households who own a home,.71817821
2024,25,Massachusetts,Total,Share of struggling households who own a home,.52756763
2024,25,Massachusetts,Total,Share of self sufficent household households who own a home,.73436397
2024,25,Massachusetts,White,Share of struggling households who own a home,.62880439
2024,25,Massachusetts,White,Share of self sufficent household households who own a home,.77387166
2024,25,Massachusetts,Black,Share of struggling households who own a home,.3241837
2024,25,Massachusetts,Black,Share of self sufficent household households who own a home,.54404497
2024,25,Massachusetts,Hispanic,Share of struggling households who own a home,.24769168
2024,25,Massachusetts,Hispanic,Share of self sufficent household households who own a home,.50416499
2024,25,Massachusetts,Asian,Share of struggling households who own a home,.58875859
2024,25,Massachusetts,Asian,Share of self sufficent household households who own a home,.68094492
2024,25,Massachusetts,Other,Share of struggling households who own a home,.34976375
2024,25,Massachusetts,Other,Share of self sufficent household households who own a home,.63919944
2024,26,Michigan,Total,Share of struggling households who own a home,.64771909
2024,26,Michigan,Total,Share of self sufficent household households who own a home,.82076037
2024,26,Michigan,White,Share of struggling households who own a home,.72826332
2024,26,Michigan,White,Share of self sufficent household households who own a home,.85967517
2024,26,Michigan,Black,Share of struggling households who own a home,.38242528
2024,26,Michigan,Black,Share of self sufficent household households who own a home,.62318975
2024,26,Michigan,Hispanic,Share of struggling households who own a home,.587286
2024,26,Michigan,Hispanic,Share of self sufficent household households who own a home,.69929302
2024,26,Michigan,Asian,Share of struggling households who own a home,.55792361
2024,26,Michigan,Asian,Share of self sufficent household households who own a home,.67299956
2024,26,Michigan,Other,Share of struggling households who own a home,.56018132
2024,26,Michigan,Other,Share of self sufficent household households who own a home,.72634542
2024,27,Minnesota,Total,Share of struggling households who own a home,.63135707
2024,27,Minnesota,Total,Share of self sufficent household households who own a home,.80502546
2024,27,Minnesota,White,Share of struggling households who own a home,.69265211
2024,27,Minnesota,White,Share of self sufficent household households who own a home,.83796072
2024,27,Minnesota,Black,Share of struggling households who own a home,.25534049
2024,27,Minnesota,Black,Share of self sufficent household households who own a home,.37059477
2024,27,Minnesota,Hispanic,Share of struggling households who own a home,.5157159
2024,27,Minnesota,Hispanic,Share of self sufficent household households who own a home,.63750464
2024,27,Minnesota,Asian,Share of struggling households who own a home,.69850886
2024,27,Minnesota,Asian,Share of self sufficent household households who own a home,.68303686
2024,27,Minnesota,Other,Share of struggling households who own a home,.48029611
2024,27,Minnesota,Other,Share of self sufficent household households who own a home,.71696675
2024,28,Mississippi,Total,Share of struggling households who own a home,.59874427
2024,28,Mississippi,Total,Share of self sufficent household households who own a home,.82993621
2024,28,Mississippi,White,Share of struggling households who own a home,.703879
2024,28,Mississippi,White,Share of self sufficent household households who own a home,.88517225
2024,28,Mississippi,Black,Share of struggling households who own a home,.49280292
2024,28,Mississippi,Black,Share of self sufficent household households who own a home,.71734631
2024,28,Mississippi,Hispanic,Share of struggling households who own a home,.46827376
2024,28,Mississippi,Hispanic,Share of self sufficent household households who own a home,.68543726
2024,28,Mississippi,Asian,Share of struggling households who own a home,.70119208
2024,28,Mississippi,Asian,Share of self sufficent household households who own a home,.77924234
2024,28,Mississippi,Other,Share of struggling households who own a home,.57140148
2024,28,Mississippi,Other,Share of self sufficent household households who own a home,.77521729
2024,29,Missouri,Total,Share of struggling households who own a home,.57488626
2024,29,Missouri,Total,Share of self sufficent household households who own a home,.78662843
2024,29,Missouri,White,Share of struggling households who own a home,.63630342
2024,29,Missouri,White,Share of self sufficent household households who own a home,.81524104
2024,29,Missouri,Black,Share of struggling households who own a home,.34754732
2024,29,Missouri,Black,Share of self sufficent household households who own a home,.5821107
2024,29,Missouri,Hispanic,Share of struggling households who own a home,.47671261
2024,29,Missouri,Hispanic,Share of self sufficent household households who own a home,.65703702
2024,29,Missouri,Asian,Share of struggling households who own a home,.47456691
2024,29,Missouri,Asian,Share of self sufficent household households who own a home,.70457757
2024,29,Missouri,Other,Share of struggling households who own a home,.49579638
2024,29,Missouri,Other,Share of self sufficent household households who own a home,.69245303
2024,30,Montana,Total,Share of struggling households who own a home,.604976
2024,30,Montana,Total,Share of self sufficent household households who own a home,.75299978
2024,30,Montana,White,Share of struggling households who own a home,.64410836
2024,30,Montana,White,Share of self sufficent household households who own a home,.76375133
2024,30,Montana,Black,Share of struggling households who own a home,0
2024,30,Montana,Black,Share of self sufficent household households who own a home,0
2024,30,Montana,Hispanic,Share of struggling households who own a home,.35703361
2024,30,Montana,Hispanic,Share of self sufficent household households who own a home,.51563871
2024,30,Montana,Asian,Share of struggling households who own a home,.66257435
2024,30,Montana,Asian,Share of self sufficent household households who own a home,.41885236
2024,30,Montana,Other,Share of struggling households who own a home,.48275909
2024,30,Montana,Other,Share of self sufficent household households who own a home,.76085889
2024,31,Nebraska,Total,Share of struggling households who own a home,.57214659
2024,31,Nebraska,Total,Share of self sufficent household households who own a home,.75696111
2024,31,Nebraska,White,Share of struggling households who own a home,.61641043
2024,31,Nebraska,White,Share of self sufficent household households who own a home,.78403533
2024,31,Nebraska,Black,Share of struggling households who own a home,.25914606
2024,31,Nebraska,Black,Share of self sufficent household households who own a home,.5258258
2024,31,Nebraska,Hispanic,Share of struggling households who own a home,.54603541
2024,31,Nebraska,Hispanic,Share of self sufficent household households who own a home,.53537583
2024,31,Nebraska,Asian,Share of struggling households who own a home,.54170787
2024,31,Nebraska,Asian,Share of self sufficent household households who own a home,.71020663
2024,31,Nebraska,Other,Share of struggling households who own a home,.36419696
2024,31,Nebraska,Other,Share of self sufficent household households who own a home,.63984102
2024,32,Nevada,Total,Share of struggling households who own a home,.48865116
2024,32,Nevada,Total,Share of self sufficent household households who own a home,.71177357
2024,32,Nevada,White,Share of struggling households who own a home,.56669551
2024,32,Nevada,White,Share of self sufficent household households who own a home,.75558615
2024,32,Nevada,Black,Share of struggling households who own a home,.23301019
2024,32,Nevada,Black,Share of self sufficent household households who own a home,.51183504
2024,32,Nevada,Hispanic,Share of struggling households who own a home,.46467963
2024,32,Nevada,Hispanic,Share of self sufficent household households who own a home,.60541075
2024,32,Nevada,Asian,Share of struggling households who own a home,.63624984
2024,32,Nevada,Asian,Share of self sufficent household households who own a home,.78438717
2024,32,Nevada,Other,Share of struggling households who own a home,.33776033
2024,32,Nevada,Other,Share of self sufficent household households who own a home,.68836975
2024,33,New Hampshire,Total,Share of struggling households who own a home,.61204958
2024,33,New Hampshire,Total,Share of self sufficent household households who own a home,.80695152
2024,33,New Hampshire,White,Share of struggling households who own a home,.63478726
2024,33,New Hampshire,White,Share of self sufficent household households who own a home,.81730986
2024,33,New Hampshire,Black,Share of struggling households who own a home,.22646844
2024,33,New Hampshire,Black,Share of self sufficent household households who own a home,.65527385
2024,33,New Hampshire,Hispanic,Share of struggling households who own a home,.2019283
2024,33,New Hampshire,Hispanic,Share of self sufficent household households who own a home,.7565226
2024,33,New Hampshire,Asian,Share of struggling households who own a home,.58519268
2024,33,New Hampshire,Asian,Share of self sufficent household households who own a home,.70579213
2024,33,New Hampshire,Other,Share of struggling households who own a home,.6235522
2024,33,New Hampshire,Other,Share of self sufficent household households who own a home,.68490773
2024,34,New Jersey,Total,Share of struggling households who own a home,.55099338
2024,34,New Jersey,Total,Share of self sufficent household households who own a home,.73611218
2024,34,New Jersey,White,Share of struggling households who own a home,.72675723
2024,34,New Jersey,White,Share of self sufficent household households who own a home,.81290001
2024,34,New Jersey,Black,Share of struggling households who own a home,.31356147
2024,34,New Jersey,Black,Share of self sufficent household households who own a home,.57923466
2024,34,New Jersey,Hispanic,Share of struggling households who own a home,.34346336
2024,34,New Jersey,Hispanic,Share of self sufficent household households who own a home,.55848265
2024,34,New Jersey,Asian,Share of struggling households who own a home,.62381005
2024,34,New Jersey,Asian,Share of self sufficent household households who own a home,.68392664
2024,34,New Jersey,Other,Share of struggling households who own a home,.51480538
2024,34,New Jersey,Other,Share of self sufficent household households who own a home,.66710061
2024,35,New Mexico,Total,Share of struggling households who own a home,.64183652
2024,35,New Mexico,Total,Share of self sufficent household households who own a home,.78542143
2024,35,New Mexico,White,Share of struggling households who own a home,.67094946
2024,35,New Mexico,White,Share of self sufficent household households who own a home,.82013166
2024,35,New Mexico,Black,Share of struggling households who own a home,.3859356
2024,35,New Mexico,Black,Share of self sufficent household households who own a home,.60022348
2024,35,New Mexico,Hispanic,Share of struggling households who own a home,.61927229
2024,35,New Mexico,Hispanic,Share of self sufficent household households who own a home,.7795915
2024,35,New Mexico,Asian,Share of struggling households who own a home,.48926461
2024,35,New Mexico,Asian,Share of self sufficent household households who own a home,.59166378
2024,35,New Mexico,Other,Share of struggling households who own a home,.71089762
2024,35,New Mexico,Other,Share of self sufficent household households who own a home,.69412398
2024,36,New York,Total,Share of struggling households who own a home,.46751413
2024,36,New York,Total,Share of self sufficent household households who own a home,.65361845
2024,36,New York,White,Share of struggling households who own a home,.62065595
2024,36,New York,White,Share of self sufficent household households who own a home,.71973872
2024,36,New York,Black,Share of struggling households who own a home,.26945069
2024,36,New York,Black,Share of self sufficent household households who own a home,.49660847
2024,36,New York,Hispanic,Share of struggling households who own a home,.24561363
2024,36,New York,Hispanic,Share of self sufficent household households who own a home,.43163076
2024,36,New York,Asian,Share of struggling households who own a home,.55214554
2024,36,New York,Asian,Share of self sufficent household households who own a home,.567334
2024,36,New York,Other,Share of struggling households who own a home,.4625105
2024,36,New York,Other,Share of self sufficent household households who own a home,.5881207
2024,37,North Carolina,Total,Share of struggling households who own a home,.5577659
2024,37,North Carolina,Total,Share of self sufficent household households who own a home,.77345717
2024,37,North Carolina,White,Share of struggling households who own a home,.65966517
2024,37,North Carolina,White,Share of self sufficent household households who own a home,.82452786
2024,37,North Carolina,Black,Share of struggling households who own a home,.38690782
2024,37,North Carolina,Black,Share of self sufficent household households who own a home,.61575902
2024,37,North Carolina,Hispanic,Share of struggling households who own a home,.45559749
2024,37,North Carolina,Hispanic,Share of self sufficent household households who own a home,.6300438
2024,37,North Carolina,Asian,Share of struggling households who own a home,.57196397
2024,37,North Carolina,Asian,Share of self sufficent household households who own a home,.78323591
2024,37,North Carolina,Other,Share of struggling households who own a home,.47534865
2024,37,North Carolina,Other,Share of self sufficent household households who own a home,.71410984
2024,38,North Dakota,Total,Share of struggling households who own a home,.48448572
2024,38,North Dakota,Total,Share of self sufficent household households who own a home,.68971503
2024,38,North Dakota,White,Share of struggling households who own a home,.54088539
2024,38,North Dakota,White,Share of self sufficent household households who own a home,.72353071
2024,38,North Dakota,Black,Share of struggling households who own a home,.087704226
2024,38,North Dakota,Black,Share of self sufficent household households who own a home,.23246269
2024,38,North Dakota,Hispanic,Share of struggling households who own a home,.19604909
2024,38,North Dakota,Hispanic,Share of self sufficent household households who own a home,.47903615
2024,38,North Dakota,Asian,Share of struggling households who own a home,.031103089
2024,38,North Dakota,Asian,Share of self sufficent household households who own a home,.24601148
2024,38,North Dakota,Other,Share of struggling households who own a home,.4849748
2024,38,North Dakota,Other,Share of self sufficent household households who own a home,.65995997
2024,39,Ohio,Total,Share of struggling households who own a home,.54674774
2024,39,Ohio,Total,Share of self sufficent household households who own a home,.78154826
2024,39,Ohio,White,Share of struggling households who own a home,.62627977
2024,39,Ohio,White,Share of self sufficent household households who own a home,.81542915
2024,39,Ohio,Black,Share of struggling households who own a home,.29491118
2024,39,Ohio,Black,Share of self sufficent household households who own a home,.56252211
2024,39,Ohio,Hispanic,Share of struggling households who own a home,.41285586
2024,39,Ohio,Hispanic,Share of self sufficent household households who own a home,.62927163
2024,39,Ohio,Asian,Share of struggling households who own a home,.54572624
2024,39,Ohio,Asian,Share of self sufficent household households who own a home,.73572958
2024,39,Ohio,Other,Share of struggling households who own a home,.41229752
2024,39,Ohio,Other,Share of self sufficent household households who own a home,.66046762
2024,40,Oklahoma,Total,Share of struggling households who own a home,.5612691
2024,40,Oklahoma,Total,Share of self sufficent household households who own a home,.75680351
2024,40,Oklahoma,White,Share of struggling households who own a home,.61442447
2024,40,Oklahoma,White,Share of self sufficent household households who own a home,.7920453
2024,40,Oklahoma,Black,Share of struggling households who own a home,.32059944
2024,40,Oklahoma,Black,Share of self sufficent household households who own a home,.51457608
2024,40,Oklahoma,Hispanic,Share of struggling households who own a home,.48164839
2024,40,Oklahoma,Hispanic,Share of self sufficent household households who own a home,.66617322
2024,40,Oklahoma,Asian,Share of struggling households who own a home,.55793065
2024,40,Oklahoma,Asian,Share of self sufficent household households who own a home,.69223785
2024,40,Oklahoma,Other,Share of struggling households who own a home,.53124237
2024,40,Oklahoma,Other,Share of self sufficent household households who own a home,.72500998
2024,41,Oregon,Total,Share of struggling households who own a home,.55506468
2024,41,Oregon,Total,Share of self sufficent household households who own a home,.73572874
2024,41,Oregon,White,Share of struggling households who own a home,.59481061
2024,41,Oregon,White,Share of self sufficent household households who own a home,.76252055
2024,41,Oregon,Black,Share of struggling households who own a home,.27319139
2024,41,Oregon,Black,Share of self sufficent household households who own a home,.5189923
2024,41,Oregon,Hispanic,Share of struggling households who own a home,.40428859
2024,41,Oregon,Hispanic,Share of self sufficent household households who own a home,.61894327
2024,41,Oregon,Asian,Share of struggling households who own a home,.55051857
2024,41,Oregon,Asian,Share of self sufficent household households who own a home,.70317465
2024,41,Oregon,Other,Share of struggling households who own a home,.47635689
2024,41,Oregon,Other,Share of self sufficent household households who own a home,.61758029
2024,42,Pennsylvania,Total,Share of struggling households who own a home,.59240979
2024,42,Pennsylvania,Total,Share of self sufficent household households who own a home,.78899258
2024,42,Pennsylvania,White,Share of struggling households who own a home,.66612941
2024,42,Pennsylvania,White,Share of self sufficent household households who own a home,.82372153
2024,42,Pennsylvania,Black,Share of struggling households who own a home,.36673838
2024,42,Pennsylvania,Black,Share of self sufficent household households who own a home,.59313095
2024,42,Pennsylvania,Hispanic,Share of struggling households who own a home,.42629579
2024,42,Pennsylvania,Hispanic,Share of self sufficent household households who own a home,.59403604
2024,42,Pennsylvania,Asian,Share of struggling households who own a home,.63009852
2024,42,Pennsylvania,Asian,Share of self sufficent household households who own a home,.7461673
2024,42,Pennsylvania,Other,Share of struggling households who own a home,.43644956
2024,42,Pennsylvania,Other,Share of self sufficent household households who own a home,.67693049
2024,44,Rhode Island,Total,Share of struggling households who own a home,.48234704
2024,44,Rhode Island,Total,Share of self sufficent household households who own a home,.75172555
2024,44,Rhode Island,White,Share of struggling households who own a home,.58120412
2024,44,Rhode Island,White,Share of self sufficent household households who own a home,.79299462
2024,44,Rhode Island,Black,Share of struggling households who own a home,.34332189
2024,44,Rhode Island,Black,Share of self sufficent household households who own a home,.59026188
2024,44,Rhode Island,Hispanic,Share of struggling households who own a home,.27436671
2024,44,Rhode Island,Hispanic,Share of self sufficent household households who own a home,.57464558
2024,44,Rhode Island,Asian,Share of struggling households who own a home,.42764565
2024,44,Rhode Island,Asian,Share of self sufficent household households who own a home,.64948666
2024,44,Rhode Island,Other,Share of struggling households who own a home,.32563606
2024,44,Rhode Island,Other,Share of self sufficent household households who own a home,.62396902
2024,45,South Carolina,Total,Share of struggling households who own a home,.61566859
2024,45,South Carolina,Total,Share of self sufficent household households who own a home,.82259005
2024,45,South Carolina,White,Share of struggling households who own a home,.72142339
2024,45,South Carolina,White,Share of self sufficent household households who own a home,.85934013
2024,45,South Carolina,Black,Share of struggling households who own a home,.47202745
2024,45,South Carolina,Black,Share of self sufficent household households who own a home,.72944129
2024,45,South Carolina,Hispanic,Share of struggling households who own a home,.44487113
2024,45,South Carolina,Hispanic,Share of self sufficent household households who own a home,.74035662
2024,45,South Carolina,Asian,Share of struggling households who own a home,.67507726
2024,45,South Carolina,Asian,Share of self sufficent household households who own a home,.80046922
2024,45,South Carolina,Other,Share of struggling households who own a home,.47678113
2024,45,South Carolina,Other,Share of self sufficent household households who own a home,.68689853
2024,46,South Dakota,Total,Share of struggling households who own a home,.52033132
2024,46,South Dakota,Total,Share of self sufficent household households who own a home,.79280859
2024,46,South Dakota,White,Share of struggling households who own a home,.57860428
2024,46,South Dakota,White,Share of self sufficent household households who own a home,.81770903
2024,46,South Dakota,Black,Share of struggling households who own a home,.13196847
2024,46,South Dakota,Black,Share of self sufficent household households who own a home,.23338665
2024,46,South Dakota,Hispanic,Share of struggling households who own a home,.22642317
2024,46,South Dakota,Hispanic,Share of self sufficent household households who own a home,.76843196
2024,46,South Dakota,Asian,Share of struggling households who own a home,.1493993
2024,46,South Dakota,Asian,Share of self sufficent household households who own a home,.49134758
2024,46,South Dakota,Other,Share of struggling households who own a home,.40882525
2024,46,South Dakota,Other,Share of self sufficent household households who own a home,.66186035
2024,47,Tennessee,Total,Share of struggling households who own a home,.55314094
2024,47,Tennessee,Total,Share of self sufficent household households who own a home,.76408207
2024,47,Tennessee,White,Share of struggling households who own a home,.64200866
2024,47,Tennessee,White,Share of self sufficent household households who own a home,.80560052
2024,47,Tennessee,Black,Share of struggling households who own a home,.3309336
2024,47,Tennessee,Black,Share of self sufficent household households who own a home,.56756222
2024,47,Tennessee,Hispanic,Share of struggling households who own a home,.38727146
2024,47,Tennessee,Hispanic,Share of self sufficent household households who own a home,.57654923
2024,47,Tennessee,Asian,Share of struggling households who own a home,.57234067
2024,47,Tennessee,Asian,Share of self sufficent household households who own a home,.70517635
2024,47,Tennessee,Other,Share of struggling households who own a home,.50378889
2024,47,Tennessee,Other,Share of self sufficent household households who own a home,.70418561
2024,48,Texas,Total,Share of struggling households who own a home,.52645934
2024,48,Texas,Total,Share of self sufficent household households who own a home,.71667039
2024,48,Texas,White,Share of struggling households who own a home,.60298115
2024,48,Texas,White,Share of self sufficent household households who own a home,.77493483
2024,48,Texas,Black,Share of struggling households who own a home,.29698586
2024,48,Texas,Black,Share of self sufficent household households who own a home,.52409101
2024,48,Texas,Hispanic,Share of struggling households who own a home,.53790247
2024,48,Texas,Hispanic,Share of self sufficent household households who own a home,.69183558
2024,48,Texas,Asian,Share of struggling households who own a home,.63647646
2024,48,Texas,Asian,Share of self sufficent household households who own a home,.71489531
2024,48,Texas,Other,Share of struggling households who own a home,.44562477
2024,48,Texas,Other,Share of self sufficent household households who own a home,.68249249
2024,99999,United States,Total,Share of struggling households who own a home,.56164765
2024,99999,United States,Total,Share of self sufficent household households who own a home,.75196499
2024,99999,United States,White,Share of struggling households who own a home,.65189105
2024,99999,United States,White,Share of self sufficent household households who own a home,.79978359
2024,99999,United States,Black,Share of struggling households who own a home,.36315089
2024,99999,United States,Black,Share of self sufficent household households who own a home,.59650981
2024,99999,United States,Hispanic,Share of struggling households who own a home,.46186811
2024,99999,United States,Hispanic,Share of self sufficent household households who own a home,.63862163
2024,99999,United States,Asian,Share of struggling households who own a home,.60512769
2024,99999,United States,Asian,Share of self sufficent household households who own a home,.69654614
2024,99999,United States,Other,Share of struggling households who own a home,.48662025
2024,99999,United States,Other,Share of self sufficent household households who own a home,.67824352
2024,49,Utah,Total,Share of struggling households who own a home,.64059979
2024,49,Utah,Total,Share of self sufficent household households who own a home,.77290559
2024,49,Utah,White,Share of struggling households who own a home,.68681073
2024,49,Utah,White,Share of self sufficent household households who own a home,.79473472
2024,49,Utah,Black,Share of struggling households who own a home,.32724851
2024,49,Utah,Black,Share of self sufficent household households who own a home,.44361573
2024,49,Utah,Hispanic,Share of struggling households who own a home,.5212431
2024,49,Utah,Hispanic,Share of self sufficent household households who own a home,.64806598
2024,49,Utah,Asian,Share of struggling households who own a home,.57571936
2024,49,Utah,Asian,Share of self sufficent household households who own a home,.74545103
2024,49,Utah,Other,Share of struggling households who own a home,.48768267
2024,49,Utah,Other,Share of self sufficent household households who own a home,.70033556
2024,50,Vermont,Total,Share of struggling households who own a home,.6758849
2024,50,Vermont,Total,Share of self sufficent household households who own a home,.79542029
2024,50,Vermont,White,Share of struggling households who own a home,.69233036
2024,50,Vermont,White,Share of self sufficent household households who own a home,.80162036
2024,50,Vermont,Black,Share of struggling households who own a home,.38973904
2024,50,Vermont,Black,Share of self sufficent household households who own a home,1
2024,50,Vermont,Hispanic,Share of struggling households who own a home,.47236547
2024,50,Vermont,Hispanic,Share of self sufficent household households who own a home,.50793177
2024,50,Vermont,Asian,Share of struggling households who own a home,1.1286731
2024,50,Vermont,Asian,Share of self sufficent household households who own a home,.34706634
2024,50,Vermont,Other,Share of struggling households who own a home,.44615021
2024,50,Vermont,Other,Share of self sufficent household households who own a home,.86997962
2024,51,Virginia,Total,Share of struggling households who own a home,.57813209
2024,51,Virginia,Total,Share of self sufficent household households who own a home,.75515062
2024,51,Virginia,White,Share of struggling households who own a home,.66379237
2024,51,Virginia,White,Share of self sufficent household households who own a home,.80098116
2024,51,Virginia,Black,Share of struggling households who own a home,.40524739
2024,51,Virginia,Black,Share of self sufficent household households who own a home,.61836433
2024,51,Virginia,Hispanic,Share of struggling households who own a home,.48396763
2024,51,Virginia,Hispanic,Share of self sufficent household households who own a home,.62809414
2024,51,Virginia,Asian,Share of struggling households who own a home,.68759018
2024,51,Virginia,Asian,Share of self sufficent household households who own a home,.77983469
2024,51,Virginia,Other,Share of struggling households who own a home,.47592366
2024,51,Virginia,Other,Share of self sufficent household households who own a home,.68663871
2024,53,Washington,Total,Share of struggling households who own a home,.52973521
2024,53,Washington,Total,Share of self sufficent household households who own a home,.71733183
2024,53,Washington,White,Share of struggling households who own a home,.58166003
2024,53,Washington,White,Share of self sufficent household households who own a home,.75269866
2024,53,Washington,Black,Share of struggling households who own a home,.26960048
2024,53,Washington,Black,Share of self sufficent household households who own a home,.48820093
2024,53,Washington,Hispanic,Share of struggling households who own a home,.37767473
2024,53,Washington,Hispanic,Share of self sufficent household households who own a home,.58578289
2024,53,Washington,Asian,Share of struggling households who own a home,.58075815
2024,53,Washington,Asian,Share of self sufficent household households who own a home,.66288722
2024,53,Washington,Other,Share of struggling households who own a home,.47306246
2024,53,Washington,Other,Share of self sufficent household households who own a home,.67255139
2024,54,West Virginia,Total,Share of struggling households who own a home,.66592366
2024,54,West Virginia,Total,Share of self sufficent household households who own a home,.87348276
2024,54,West Virginia,White,Share of struggling households who own a home,.67998081
2024,54,West Virginia,White,Share of self sufficent household households who own a home,.88023871
2024,54,West Virginia,Black,Share of struggling households who own a home,.39076987
2024,54,West Virginia,Black,Share of self sufficent household households who own a home,.67417306
2024,54,West Virginia,Hispanic,Share of struggling households who own a home,.57222664
2024,54,West Virginia,Hispanic,Share of self sufficent household households who own a home,.81106502
2024,54,West Virginia,Asian,Share of struggling households who own a home,.6604057
2024,54,West Virginia,Asian,Share of self sufficent household households who own a home,.81259608
2024,54,West Virginia,Other,Share of struggling households who own a home,.62706876
2024,54,West Virginia,Other,Share of self sufficent household households who own a home,.86505216
2024,55,Wisconsin,Total,Share of struggling households who own a home,.5883522
2024,55,Wisconsin,Total,Share of self sufficent household households who own a home,.76139271
2024,55,Wisconsin,White,Share of struggling households who own a home,.65551442
2024,55,Wisconsin,White,Share of self sufficent household households who own a home,.79095381
2024,55,Wisconsin,Black,Share of struggling households who own a home,.16299815
2024,55,Wisconsin,Black,Share of self sufficent household households who own a home,.53157753
2024,55,Wisconsin,Hispanic,Share of struggling households who own a home,.38941064
2024,55,Wisconsin,Hispanic,Share of self sufficent household households who own a home,.60096812
2024,55,Wisconsin,Asian,Share of struggling households who own a home,.58380777
2024,55,Wisconsin,Asian,Share of self sufficent household households who own a home,.54682899
2024,55,Wisconsin,Other,Share of struggling households who own a home,.49680236
2024,55,Wisconsin,Other,Share of self sufficent household households who own a home,.63289315
2024,56,Wyoming,Total,Share of struggling households who own a home,.61725318
2024,56,Wyoming,Total,Share of self sufficent household households who own a home,.80425358
2024,56,Wyoming,White,Share of struggling households who own a home,.63545853
2024,56,Wyoming,White,Share of self sufficent household households who own a home,.83130735
2024,56,Wyoming,Black,Share of struggling households who own a home,.37931094
2024,56,Wyoming,Black,Share of self sufficent household households who own a home,.16349258
2024,56,Wyoming,Hispanic,Share of struggling households who own a home,.52293575
2024,56,Wyoming,Hispanic,Share of self sufficent household households who own a home,.63725674
2024,56,Wyoming,Asian,Share of struggling households who own a home,.77967209
2024,56,Wyoming,Asian,Share of self sufficent household households who own a home,.62335747
2024,56,Wyoming,Other,Share of struggling households who own a home,.60517925
2024,56,Wyoming,Other,Share of self sufficent household households who own a home,.63864309
